Test,1kb (x1),10kb (x10),100kb (x100)
dsljson,40753898.403,452739240.09000003,4454769488.2
dsljson_reflection,46566788.016,537691576.21,3945739932.5000005
gson,1498522.556,15434140.66,142775574.7
jackson,14907080.315,159506249.94,1369294942.1
jackson_afterburner,15022204.122,158330674.95,1430320135.3
