Test,1kb (x1),100kb (x100)
dsljson,106121.449,108685.40000000001
dsljson_reflection,105735.149,108761.3
gson,99069.276,99698.8
jackson,102908.719,100806.2
jackson_afterburner,102561.404,100847.90000000001
