Test,1kb (x1),10kb (x10),100kb (x100)
dsljson,50296390.421,431448850.19,4471518520.9
dsljson_reflection,46222437.06,460891705.16999996,4792405915.7
gson,5032625.164,50830535.28,515025463.7
jackson,22813749.284,215854233.83,1971786780.5
jackson_afterburner,22450283.187,203077777.10999998,2194826323.4
