Test,1kb (x1),10kb (x10),100kb (x100)
dsljson,47190225.576,484093624.0,4783694315.5
dsljson_reflection,45907288.722,497757542.59999996,5382221406.400001
gson,1406031.465,14259606.87,160593825.6
jackson,15068450.211,147925579.11,1561913744.0
jackson_afterburner,14459771.944,149838896.14,1571802905.7
