Test,1kb (x1),10kb (x10),100kb (x100)
dsljson,44869803.157,443803267.03000003,4343749084.5
dsljson_reflection,53187742.07,366767887.43,4727195897.5
gson,1389092.399,12236514.89,128421706.60000001
jackson,10789562.151,121146682.28,1189537954.7
jackson_afterburner,11451198.641,115509754.28999999,1245072621.1
