Test,1kb (x1),10kb (x10),100kb (x100)
dsljson,46320224.844,483832510.93,4675207955.1
dsljson_reflection,46242565.058,464669080.56999993,4725802890.5
gson,5628073.421,56793742.81999999,603456032.0
jackson,23641266.007,223503144.89999998,2150206583.3
jackson_afterburner,23114121.85,217192509.67999998,2337494532.4
