Test,1kb (x1),100kb (x100)
dsljson,712481.587,518851.50000000006
dsljson_reflection,582491.125,444142.60000000003
gson,1401081.956,1393476.1
jackson,804811.544,582468.4
jackson_afterburner,591880.29,581581.7
