Test,1kb (x1),100kb (x100)
dsljson,539019.64,474662.39999999997
dsljson_reflection,616335.082,501914.9
gson,559347.94,464682.39999999997
jackson,510213.272,504529.5
jackson_afterburner,516877.005,427902.3
