Test,1kb (x1),10kb (x10),100kb (x100)
dsljson,45804475.771,464639567.40999997,4526225046.599999
dsljson_reflection,45229796.144,483270989.14,4789984221.400001
gson,5032277.653,55803465.74,625333927.1
jackson,22961896.336,231501822.42,2272520977.9
jackson_afterburner,23099263.015,226145414.81,2253533441.0
