Test,1kb (x1),10kb (x10),100kb (x100)
dsljson,51266342.283,393085907.0,4598456700.7
dsljson_reflection,43829345.004,463344651.46,4625756399.400001
gson,1351338.665,14175797.98,152846530.60000002
jackson,15183677.705,150324902.86,1496935052.3
jackson_afterburner,14456243.197,151314676.20999998,1536461864.9
