Test,1kb (x1),100kb (x100)
dsljson,581697.461,597396.2999999999
dsljson_reflection,602792.476,568130.2
gson,465054.528,473467.69999999995
jackson,527464.32,420474.2
jackson_afterburner,513803.082,497797.50000000006
